organisation_name,careers_website
Ankar.ai,
Asper.AI Limited,
Capsa.AI Ltd,
Conveo.ai UK Ltd,
Delivers.AI LTD,
Digital.ai Software (UK) Ltd.,
dRISK.ai Limited,
Engineer.ai Global Ltd,
Exponentia.ai Limited,
Farad.ai,
GEOFF HALL DIGITAL PRINT LTD T/A Ghdigitalprint.com,
ICS.AI Limited,
IDEAL COMPUTING.CO.UK LIMITED,
InHaus.ai Limited,
Jiva.ai Limited,
K23 Limited T/A K23.ai,
KEATH.AI LTD,
KORE.AI UK LIMITED,
Lantern.ai Limited,
NetMind.AI Ltd,
Oneshot.ai Limited,
Oxvalue.AI Limited,
PALABRA.AI LTD,
PLANLAB.AI LIMITED,
Praktika.ai,
Sektor.AI (UK) Ltd,
SIGMA.AI DATA LTD,
SJISTIC LTD T/A issuebot.ai,
Smartr.ai Ltd,
Solvo.ai Ltd.,
Sprout.ai Limited,
SWIM.AI Ltd,
viso.ai UK Ltd,
X.AI LONDON LTD,
ZEG.ai Ltd,
